[{"model": "admin.logentry", "pk": 1, "fields": {"action_time": "2023-11-27T13:59:17.004Z", "user": 2, "content_type": 13, "object_id": "1", "object_repr": "18_alloys", "action_flag": 1, "change_message": "[{\"added\": {}}]"}}, {"model": "admin.logentry", "pk": 2, "fields": {"action_time": "2023-11-27T13:59:30.529Z", "user": 2, "content_type": 13, "object_id": "2", "object_repr": "19_alloys", "action_flag": 1, "change_message": "[{\"added\": {}}]"}}, {"model": "admin.logentry", "pk": 3, "fields": {"action_time": "2023-11-27T14:00:11.621Z", "user": 2, "content_type": 14, "object_id": "1", "object_repr": "test", "action_flag": 3, "change_message": ""}}, {"model": "admin.logentry", "pk": 4, "fields": {"action_time": "2023-11-27T14:02:38.110Z", "user": 2, "content_type": 14, "object_id": "2", "object_repr": "18\" GTI Alloys", "action_flag": 1, "change_message": "[{\"added\": {}}]"}}, {"model": "admin.logentry", "pk": 5, "fields": {"action_time": "2023-11-27T14:03:36.191Z", "user": 2, "content_type": 14, "object_id": "3", "object_repr": "18\" Rivers Alloys", "action_flag": 1, "change_message": "[{\"added\": {}}]"}}, {"model": "admin.logentry", "pk": 6, "fields": {"action_time": "2023-11-27T14:04:09.919Z", "user": 2, "content_type": 14, "object_id": "4", "object_repr": "18\" TTRS Alloys", "action_flag": 1, "change_message": "[{\"added\": {}}]"}}, {"model": "admin.logentry", "pk": 7, "fields": {"action_time": "2023-11-27T14:04:50.757Z", "user": 2, "content_type": 14, "object_id": "5", "object_repr": "18\" TTRS Twists Alloys", "action_flag": 1, "change_message": "[{\"added\": {}}]"}}, {"model": "admin.logentry", "pk": 8, "fields": {"action_time": "2023-11-27T14:05:22.836Z", "user": 2, "content_type": 14, "object_id": "6", "object_repr": "18\" VFS-25s Alloys", "action_flag": 1, "change_message": "[{\"added\": {}}]"}}, {"model": "admin.logentry", "pk": 9, "fields": {"action_time": "2023-11-27T14:05:55.769Z", "user": 2, "content_type": 14, "object_id": "7", "object_repr": "19\" VFS-46s Alloys", "action_flag": 1, "change_message": "[{\"added\": {}}]"}}, {"model": "admin.logentry", "pk": 10, "fields": {"action_time": "2023-11-27T14:07:06.938Z", "user": 2, "content_type": 13, "object_id": "3", "object_repr": "vw_coilovers", "action_flag": 1, "change_message": "[{\"added\": {}}]"}}, {"model": "admin.logentry", "pk": 11, "fields": {"action_time": "2023-11-27T14:07:20.623Z", "user": 2, "content_type": 13, "object_id": "4", "object_repr": "bmw_coilovers", "action_flag": 1, "change_message": "[{\"added\": {}}]"}}, {"model": "admin.logentry", "pk": 12, "fields": {"action_time": "2023-11-27T14:07:34.931Z", "user": 2, "content_type": 13, "object_id": "5", "object_repr": "audi_coilovers", "action_flag": 1, "change_message": "[{\"added\": {}}]"}}, {"model": "admin.logentry", "pk": 13, "fields": {"action_time": "2023-11-27T14:11:16.414Z", "user": 2, "content_type": 14, "object_id": "8", "object_repr": "MK4 Golf Coilovers", "action_flag": 1, "change_message": "[{\"added\": {}}]"}}, {"model": "admin.logentry", "pk": 14, "fields": {"action_time": "2023-11-27T14:11:55.386Z", "user": 2, "content_type": 14, "object_id": "9", "object_repr": "MK6 Golf Coilovers", "action_flag": 1, "change_message": "[{\"added\": {}}]"}}, {"model": "admin.logentry", "pk": 15, "fields": {"action_time": "2023-11-27T14:12:32.877Z", "user": 2, "content_type": 14, "object_id": "10", "object_repr": "BMW E46 Coilovers", "action_flag": 1, "change_message": "[{\"added\": {}}]"}}, {"model": "admin.logentry", "pk": 16, "fields": {"action_time": "2023-11-27T14:13:19.680Z", "user": 2, "content_type": 14, "object_id": "11", "object_repr": "BMW E90 Coilovers", "action_flag": 1, "change_message": "[{\"added\": {}}]"}}, {"model": "admin.logentry", "pk": 17, "fields": {"action_time": "2023-11-27T14:14:15.593Z", "user": 2, "content_type": 14, "object_id": "12", "object_repr": "Audi A4 Coilovers", "action_flag": 1, "change_message": "[{\"added\": {}}]"}}, {"model": "admin.logentry", "pk": 18, "fields": {"action_time": "2023-11-27T14:14:46.435Z", "user": 2, "content_type": 14, "object_id": "13", "object_repr": "Audi A6 Coilovers", "action_flag": 1, "change_message": "[{\"added\": {}}]"}}, {"model": "admin.logentry", "pk": 19, "fields": {"action_time": "2023-11-27T14:16:03.608Z", "user": 2, "content_type": 13, "object_id": "6", "object_repr": "vw_spoilers", "action_flag": 1, "change_message": "[{\"added\": {}}]"}}, {"model": "admin.logentry", "pk": 20, "fields": {"action_time": "2023-11-27T14:16:22.678Z", "user": 2, "content_type": 13, "object_id": "7", "object_repr": "bmw_spoilers", "action_flag": 1, "change_message": "[{\"added\": {}}]"}}, {"model": "admin.logentry", "pk": 21, "fields": {"action_time": "2023-11-27T14:16:44.226Z", "user": 2, "content_type": 13, "object_id": "8", "object_repr": "ford_spoilers", "action_flag": 1, "change_message": "[{\"added\": {}}]"}}, {"model": "admin.logentry", "pk": 22, "fields": {"action_time": "2023-11-27T14:19:51.123Z", "user": 2, "content_type": 14, "object_id": "14", "object_repr": "VW Golf Spoiler", "action_flag": 1, "change_message": "[{\"added\": {}}]"}}, {"model": "admin.logentry", "pk": 23, "fields": {"action_time": "2023-11-27T14:20:36.390Z", "user": 2, "content_type": 14, "object_id": "15", "object_repr": "VW Jetta Spoiler", "action_flag": 1, "change_message": "[{\"added\": {}}]"}}, {"model": "admin.logentry", "pk": 24, "fields": {"action_time": "2023-11-27T14:21:19.950Z", "user": 2, "content_type": 14, "object_id": "16", "object_repr": "VW Passat Spoiler", "action_flag": 1, "change_message": "[{\"added\": {}}]"}}, {"model": "admin.logentry", "pk": 25, "fields": {"action_time": "2023-11-27T14:21:58.523Z", "user": 2, "content_type": 14, "object_id": "17", "object_repr": "BMW E46 Spoiler", "action_flag": 1, "change_message": "[{\"added\": {}}]"}}, {"model": "admin.logentry", "pk": 26, "fields": {"action_time": "2023-11-27T14:22:21.341Z", "user": 2, "content_type": 14, "object_id": "17", "object_repr": "BMW E46 Spoiler", "action_flag": 2, "change_message": "[{\"changed\": {\"fields\": [\"Category\"]}}]"}}, {"model": "admin.logentry", "pk": 27, "fields": {"action_time": "2023-11-27T14:23:07.846Z", "user": 2, "content_type": 14, "object_id": "18", "object_repr": "BMW F30 Spoiler", "action_flag": 1, "change_message": "[{\"added\": {}}]"}}, {"model": "admin.logentry", "pk": 28, "fields": {"action_time": "2023-11-27T14:23:42.070Z", "user": 2, "content_type": 14, "object_id": "19", "object_repr": "Ford Transit Spoiler", "action_flag": 1, "change_message": "[{\"added\": {}}]"}}, {"model": "admin.logentry", "pk": 29, "fields": {"action_time": "2023-11-27T14:24:55.652Z", "user": 2, "content_type": 13, "object_id": "9", "object_repr": "interior", "action_flag": 1, "change_message": "[{\"added\": {}}]"}}, {"model": "admin.logentry", "pk": 30, "fields": {"action_time": "2023-11-27T14:25:05.766Z", "user": 2, "content_type": 13, "object_id": "10", "object_repr": "exterior", "action_flag": 1, "change_message": "[{\"added\": {}}]"}}, {"model": "admin.logentry", "pk": 31, "fields": {"action_time": "2023-11-27T14:26:00.480Z", "user": 2, "content_type": 14, "object_id": "20", "object_repr": "Air Freshener", "action_flag": 1, "change_message": "[{\"added\": {}}]"}}, {"model": "admin.logentry", "pk": 32, "fields": {"action_time": "2023-11-27T14:27:32.331Z", "user": 2, "content_type": 14, "object_id": "21", "object_repr": "Bluetooth Transmitter", "action_flag": 1, "change_message": "[{\"added\": {}}]"}}, {"model": "admin.logentry", "pk": 33, "fields": {"action_time": "2023-11-27T14:29:07.726Z", "user": 2, "content_type": 14, "object_id": "22", "object_repr": "Fire Extinguisher", "action_flag": 1, "change_message": "[{\"added\": {}}]"}}, {"model": "admin.logentry", "pk": 34, "fields": {"action_time": "2023-11-27T14:30:10.604Z", "user": 2, "content_type": 14, "object_id": "23", "object_repr": "Yellow Headlight Tint", "action_flag": 1, "change_message": "[{\"added\": {}}]"}}, {"model": "admin.logentry", "pk": 35, "fields": {"action_time": "2023-11-27T14:30:42.127Z", "user": 2, "content_type": 14, "object_id": "24", "object_repr": "Air Filter", "action_flag": 1, "change_message": "[{\"added\": {}}]"}}, {"model": "admin.logentry", "pk": 36, "fields": {"action_time": "2023-11-27T14:32:13.581Z", "user": 2, "content_type": 14, "object_id": "25", "object_repr": "Blue Spray Paint", "action_flag": 1, "change_message": "[{\"added\": {}}]"}}, {"model": "admin.logentry", "pk": 37, "fields": {"action_time": "2023-11-27T14:42:07.316Z", "user": 2, "content_type": 16, "object_id": "1", "object_repr": "2EF23169FD7D44398ADD422B19AE96D2", "action_flag": 3, "change_message": ""}}, {"model": "auth.user", "pk": 1, "fields": {"password": "pbkdf2_sha256$260000$YZaCs37IfeSdDzzecPX2Ud$mBUWZlWPPL60MYyn/WurDYXSl7KNtSuq30HZutfnFtc=", "last_login": "2023-11-27T12:49:58.604Z", "is_superuser": false, "username": "test", "first_name": "", "last_name": "", "email": "vojeba3373@notedns.com", "is_staff": false, "is_active": true, "date_joined": "2023-11-27T12:49:25.552Z", "groups": [], "user_permissions": []}}, {"model": "auth.user", "pk": 2, "fields": {"password": "pbkdf2_sha256$260000$MTUZrq4ZXiK1KfSycugOkD$t313WEE+MA2p/3PtiWomBd6yqSRkSKEDYW6BjFhbw9o=", "last_login": "2023-11-27T15:17:31.136Z", "is_superuser": true, "username": "admin", "first_name": "", "last_name": "", "email": "test@test.com", "is_staff": true, "is_active": true, "date_joined": "2023-11-27T13:01:13.725Z", "groups": [], "user_permissions": []}}, {"model": "sessions.session", "pk": "7q2fjndi0u6heif1o0pb5u3n4ru22of3", "fields": {"session_data": ".eJxVjDsOgzAQBe-ydWT5z6dMnzNYtncBJxGOMEiJEHcPSDS0M_PeCsH30K5QQau2G7hCpaQ8Ovp-0vSDlu_ML_PglkKTSwgtSLiw4OOLxkPg0499ZjGP85QCOxJ22sIeGel9P9vLweDLsK-9xRiFMY1QCmvbGU9acgxoo7dCS2PIaE22q6OSoqqt1hh54B3HhkQwsP0B76FCuQ:1r7dMa:lu5epMlbK6PDbaVl9h_9biiiXkpY2bCIYhV4BQe5SnQ", "expire_date": "2023-12-11T15:17:32.493Z"}}, {"model": "sessions.session", "pk": "nwa1gxvv6nnvyy3ceyq57te1uhwd2o4t", "fields": {"session_data": ".eJxVjEEOwiAQRe_C2hCggG2X7j0DGWYGWzWQQOvGeHfbpAvd_vf-e4sA6zKFtXENM4lRGHH63SLgg_MO6A75ViSWvNQ5yl2RB23yWoifl8P9C0zQpu0NnhC1c4PuOup9csDWKIrkEby2xjl21rJPPXZGn3tvLaGKKikaWEe3RRu8OMw5FTEudeXPF8p_Pew:1r7coM:SPHHRwvi2Y5yRAXqwtAcPF4Rc5EO9hJkF75W4Xzo4KM", "expire_date": "2023-12-11T14:42:10.808Z"}}, {"model": "sites.site", "pk": 1, "fields": {"domain": "example.com", "name": "example.com"}}, {"model": "account.emailaddress", "pk": 1, "fields": {"user": 1, "email": "vojeba3373@notedns.com", "verified": true, "primary": true}}, {"model": "account.emailaddress", "pk": 2, "fields": {"user": 2, "email": "test@test.com", "verified": true, "primary": true}}, {"model": "products.category", "pk": 1, "fields": {"name": "18_alloys", "friendly_name": "18\" Alloys"}}, {"model": "products.category", "pk": 2, "fields": {"name": "19_alloys", "friendly_name": "19\" Alloys"}}, {"model": "products.category", "pk": 3, "fields": {"name": "vw_coilovers", "friendly_name": "VW Coilovers"}}, {"model": "products.category", "pk": 4, "fields": {"name": "bmw_coilovers", "friendly_name": "BMW Coilovers"}}, {"model": "products.category", "pk": 5, "fields": {"name": "audi_coilovers", "friendly_name": "AUDI Coilovers"}}, {"model": "products.category", "pk": 6, "fields": {"name": "vw_spoilers", "friendly_name": "VW Spoilers"}}, {"model": "products.category", "pk": 7, "fields": {"name": "bmw_spoilers", "friendly_name": "BMW Spoilers"}}, {"model": "products.category", "pk": 8, "fields": {"name": "ford_spoilers", "friendly_name": "FORD Spoilers"}}, {"model": "products.category", "pk": 9, "fields": {"name": "interior", "friendly_name": "Interior"}}, {"model": "products.category", "pk": 10, "fields": {"name": "exterior", "friendly_name": "Exterior"}}, {"model": "products.product", "pk": 2, "fields": {"category": 1, "sku": null, "name": "18\" GTI Alloys", "description": "5x112 , Alloys and Tyres included. Suit - VW, Seat, Audi, Skoda etc", "price": "899.99", "image_url": null, "image": "18_gti_alloys.jpg"}}, {"model": "products.product", "pk": 3, "fields": {"category": 1, "sku": null, "name": "18\" Rivers Alloys", "description": "5x112 , Alloys and Tyres included. Suit - VW, Seat, Audi, Skoda etc", "price": "905.00", "image_url": null, "image": "18_rivers_alloys.jpg"}}, {"model": "products.product", "pk": 4, "fields": {"category": 1, "sku": null, "name": "18\" TTRS Alloys", "description": "5x112 , Alloys and Tyres included. Suit - VW, Seat, Audi, Skoda etc", "price": "905.00", "image_url": null, "image": "18_ttrs_alloys.jpg"}}, {"model": "products.product", "pk": 5, "fields": {"category": 1, "sku": null, "name": "18\" TTRS Twists Alloys", "description": "5x112 , Alloys and Tyres included. Suit - VW, Seat, Audi, Skoda etc", "price": "850.00", "image_url": null, "image": "18_twists_alloys_eugFTNH.jpg"}}, {"model": "products.product", "pk": 6, "fields": {"category": 1, "sku": null, "name": "18\" VFS-25s Alloys", "description": "5x112 , Alloys and Tyres included. Suit - VW, Seat, Audi, Skoda etc", "price": "989.00", "image_url": null, "image": "18_vfs25_alloys.jpg"}}, {"model": "products.product", "pk": 7, "fields": {"category": 2, "sku": null, "name": "19\" VFS-46s Alloys", "description": "5x112 , Alloys and Tyres included. Suit - VW, Seat, Audi, Skoda etc", "price": "1130.00", "image_url": null, "image": "19_vfs36_alloys.jpg"}}, {"model": "products.product", "pk": 8, "fields": {"category": 3, "sku": null, "name": "MK4 Golf Coilovers", "description": "Coilovers Suspension Kit. Springs & Shox Kit combined. 1 Year Warranty.", "price": "130.95", "image_url": null, "image": "mk4_golf_coilovers.jpg"}}, {"model": "products.product", "pk": 9, "fields": {"category": 3, "sku": null, "name": "MK6 Golf Coilovers", "description": "Coilovers Suspension Kit. Springs & Shox Kit combined. 1 Year Warranty.", "price": "176.00", "image_url": null, "image": "mk6_golf_coilovers.jpg"}}, {"model": "products.product", "pk": 10, "fields": {"category": 4, "sku": null, "name": "BMW E46 Coilovers", "description": "Coilovers Suspension Kit. Springs & Shox Kit combined. 1 Year Warranty.", "price": "199.38", "image_url": null, "image": "bmw_e46_coilovers.jpg"}}, {"model": "products.product", "pk": 11, "fields": {"category": 4, "sku": null, "name": "BMW E90 Coilovers", "description": "Coilovers Suspension Kit. Springs & Shox Kit combined. 1 Year Warranty.", "price": "176.00", "image_url": null, "image": "bmw_e90_coilovers.jpg"}}, {"model": "products.product", "pk": 12, "fields": {"category": 5, "sku": null, "name": "Audi A4 Coilovers", "description": "Coilovers Suspension Kit. Springs & Shox Kit combined. 1 Year Warranty.", "price": "289.19", "image_url": null, "image": "audi_a4_coilovers.jpg"}}, {"model": "products.product", "pk": 13, "fields": {"category": 5, "sku": null, "name": "Audi A6 Coilovers", "description": "Coilovers Suspension Kit. Springs & Shox Kit combined. 1 Year Warranty.", "price": "310.10", "image_url": null, "image": "audi_a6_coilovers.jpg"}}, {"model": "products.product", "pk": 14, "fields": {"category": 6, "sku": null, "name": "VW Golf Spoiler", "description": "Made from ABS Plastic", "price": "74.00", "image_url": null, "image": "vw_golf_spoiler.jpg"}}, {"model": "products.product", "pk": 15, "fields": {"category": 6, "sku": null, "name": "VW Jetta Spoiler", "description": "Made from ABS Plastic", "price": "119.00", "image_url": null, "image": "vw_jetta_spoiler.jpg"}}, {"model": "products.product", "pk": 16, "fields": {"category": 6, "sku": null, "name": "VW Passat Spoiler", "description": "Made from ABS Plastic", "price": "82.00", "image_url": null, "image": "vw_passat_spoiler.jpg"}}, {"model": "products.product", "pk": 17, "fields": {"category": 7, "sku": null, "name": "BMW E46 Spoiler", "description": "Made from ABS Plastic", "price": "119.00", "image_url": null, "image": "bmw_e46_spoiler.jpg"}}, {"model": "products.product", "pk": 18, "fields": {"category": 7, "sku": null, "name": "BMW F30 Spoiler", "description": "Made from ABS Plastic", "price": "191.79", "image_url": null, "image": "bmw_f30_spoiler.jpg"}}, {"model": "products.product", "pk": 19, "fields": {"category": 8, "sku": null, "name": "Ford Transit Spoiler", "description": "Made from ABS Plastic", "price": "149.95", "image_url": null, "image": "ford_transit_spoiler.jpg"}}, {"model": "products.product", "pk": 20, "fields": {"category": 9, "sku": null, "name": "Air Freshener", "description": "Pack of 10. Generic smell", "price": "11.50", "image_url": null, "image": "air_freshener.jpg"}}, {"model": "products.product", "pk": 21, "fields": {"category": 9, "sku": null, "name": "Bluetooth Transmitter", "description": "Plugs into cigarette lighter. Listen to music and make phone calls for cars without bluetooth", "price": "47.33", "image_url": null, "image": "bluetooth_transmitter_aBl8rnM.jpg"}}, {"model": "products.product", "pk": 22, "fields": {"category": 9, "sku": null, "name": "Fire Extinguisher", "description": "ABC Type Fire Extinguisher 2kg - comes with bracket.  BSEN3 approved.", "price": "23.50", "image_url": null, "image": "fire_extinguisher.jpg"}}, {"model": "products.product", "pk": 23, "fields": {"category": 10, "sku": null, "name": "Yellow Headlight Tint", "description": "0.5M length. JDM Spec", "price": "11.99", "image_url": null, "image": "headlight_tint_yellow.jpg"}}, {"model": "products.product", "pk": 24, "fields": {"category": 10, "sku": null, "name": "Air Filter", "description": "Revo air filter. Universal fit", "price": "77.00", "image_url": null, "image": "air_filter.jpg"}}, {"model": "products.product", "pk": 25, "fields": {"category": 10, "sku": null, "name": "Blue Spray Paint", "description": "400ml in size.  Blue in colour. Ideal for spraying brake callipers", "price": "18.98", "image_url": null, "image": "blue_spray_paint_MCdHhpS.jpg"}}, {"model": "profiles.userprofile", "pk": 1, "fields": {"user": 1, "default_phone_number": null, "default_street_address1": null, "default_street_address2": null, "default_town_or_city": null, "default_county": null, "default_postcode": null, "default_country": null}}, {"model": "profiles.userprofile", "pk": 2, "fields": {"user": 2, "default_phone_number": "1234567890", "default_street_address1": "123 45th street", "default_street_address2": null, "default_town_or_city": "Anywhere", "default_county": "New Country", "default_postcode": "0000", "default_country": "IE"}}, {"model": "checkout.order", "pk": 2, "fields": {"order_number": "525FBF2879F644FA8E34872FB05760AB", "full_name": "g", "email": "test@email.com", "phone_number": "1234567890", "country": "IE", "postcode": "0000", "town_or_city": "Anywhere", "street_address1": "123 45th street", "street_address2": null, "county": "New Country", "date": "2023-11-27T14:37:00.386Z", "delivery_cost": "1.90", "order_total": "18.98", "grand_total": "20.88", "user_profile": 2}}, {"model": "checkout.order", "pk": 3, "fields": {"order_number": "07F76345E7714783B8A1644CA16957F7", "full_name": "test", "email": "test@email.com", "phone_number": "1234567890", "country": "IE", "postcode": "0000", "town_or_city": "Anywhere", "street_address1": "123 45th street", "street_address2": null, "county": "New Country", "date": "2023-11-27T14:41:10.759Z", "delivery_cost": "0.00", "order_total": "310.10", "grand_total": "310.10", "user_profile": 2}}, {"model": "checkout.orderlineitem", "pk": 2, "fields": {"order": 2, "product": 25, "quantity": 1, "lineitem_total": "18.98"}}, {"model": "checkout.orderlineitem", "pk": 3, "fields": {"order": 3, "product": 13, "quantity": 1, "lineitem_total": "310.10"}}]